{"cameraMode":{"drawMode":0,"name":"Shaded","section":"Shading Mode"},"sceneLighting":false,"audioPlay":false,"sceneViewState":{"showFog":true,"showMaterialUpdate":false,"showSkybox":true,"showFlares":true,"showImageEffects":true,"showParticleSystems":true},"in2DMode":false,"pivot":{"x":-0.16403472423553468,"y":1.2921714782714844,"z":2.7211599349975588},"rotation":{"x":-0.14271976053714753,"y":-0.6116619110107422,"z":0.11339626461267472,"w":-0.76983243227005},"size":4.45237398147583,"orthographic":false}