{"cameraMode":{"drawMode":0,"name":"Shaded","section":"Shading Mode"},"sceneLighting":false,"audioPlay":false,"sceneViewState":{"showFog":true,"showMaterialUpdate":false,"showSkybox":true,"showFlares":true,"showImageEffects":true,"showParticleSystems":true},"in2DMode":false,"pivot":{"x":-0.05567121505737305,"y":-0.23020410537719727,"z":3.645770788192749},"rotation":{"x":-0.31624388694763186,"y":0.29164454340934756,"z":-0.1028374508023262,"w":-0.896859884262085},"size":5.534270763397217,"orthographic":false}