{"cameraMode":{"drawMode":0,"name":"Shaded","section":"Shading Mode"},"sceneLighting":false,"audioPlay":false,"sceneViewState":{"showFog":true,"showMaterialUpdate":false,"showSkybox":true,"showFlares":true,"showImageEffects":true,"showParticleSystems":true},"in2DMode":false,"pivot":{"x":0.028056662529706956,"y":0.5610052347183228,"z":1.9546570777893067},"rotation":{"x":-0.3162439167499542,"y":0.2916445732116699,"z":-0.1028374582529068,"w":-0.8968599438667297},"size":22.0,"orthographic":false}