{"cameraMode":{"drawMode":0,"name":"Shaded","section":"Shading Mode"},"sceneLighting":true,"audioPlay":false,"sceneViewState":{"showFog":true,"showMaterialUpdate":false,"showSkybox":true,"showFlares":true,"showImageEffects":true,"showParticleSystems":true},"in2DMode":false,"pivot":{"x":-2.25933837890625,"y":3.369140625,"z":-16.64453125},"rotation":{"x":0.12119974195957184,"y":-0.0038687766063958408,"z":0.00047228290350176394,"w":0.9926204681396484},"size":33.28899002075195,"orthographic":true}