{"cameraMode":{"drawMode":0,"name":"Shaded","section":"Shading Mode"},"sceneLighting":true,"audioPlay":false,"sceneViewState":{"showFog":true,"showMaterialUpdate":false,"showSkybox":true,"showFlares":true,"showImageEffects":true,"showParticleSystems":true},"in2DMode":false,"pivot":{"x":0.0,"y":24.700000762939454,"z":136.26699829101563},"rotation":{"x":0.23962178826332093,"y":-0.08810552209615708,"z":0.021840879693627359,"w":0.9666135907173157},"size":300.7013854980469,"orthographic":true}