{"cameraMode":{"drawMode":0,"name":"Shaded","section":"Shading Mode"},"sceneLighting":true,"audioPlay":false,"sceneViewState":{"showFog":true,"showMaterialUpdate":false,"showSkybox":true,"showFlares":true,"showImageEffects":true,"showParticleSystems":true},"in2DMode":false,"pivot":{"x":0.06821292638778687,"y":1.8638544082641602,"z":0.7500001788139343},"rotation":{"x":0.1849939227104187,"y":0.6697706580162048,"z":-0.17781847715377809,"w":0.6968251466751099},"size":5.254652500152588,"orthographic":false}