{"cameraMode":{"drawMode":0,"name":"Shaded","section":"Shading Mode"},"sceneLighting":true,"audioPlay":false,"sceneViewState":{"showFog":true,"showMaterialUpdate":false,"showSkybox":true,"showFlares":true,"showImageEffects":true,"showParticleSystems":true},"in2DMode":false,"pivot":{"x":0.6163663864135742,"y":2.2044270038604738,"z":0.8195230960845947},"rotation":{"x":0.12353136390447617,"y":0.6712227463722229,"z":-0.11487451940774918,"w":0.721805989742279},"size":6.154653072357178,"orthographic":false}