{"cameraMode":{"drawMode":0,"name":"Shaded","section":"Shading Mode"},"sceneLighting":true,"audioPlay":false,"sceneViewState":{"showFog":true,"showMaterialUpdate":false,"showSkybox":true,"showFlares":true,"showImageEffects":true,"showParticleSystems":true},"in2DMode":false,"pivot":{"x":5.6128082275390629,"y":1.094045639038086,"z":1.873661756515503},"rotation":{"x":0.16254223883152009,"y":0.5432916879653931,"z":-0.10815652459859848,"w":0.8165269494056702},"size":10.39302921295166,"orthographic":false}