{"cameraMode":{"drawMode":0,"name":"Shaded","section":"Shading Mode"},"sceneLighting":false,"audioPlay":false,"sceneViewState":{"showFog":true,"showMaterialUpdate":false,"showSkybox":true,"showFlares":true,"showImageEffects":true,"showParticleSystems":true},"in2DMode":false,"pivot":{"x":0.5777554512023926,"y":-0.6888520121574402,"z":0.044921875},"rotation":{"x":0.09692983329296112,"y":-0.09182476252317429,"z":0.008989776484668255,"w":0.9910055994987488},"size":28.649723052978517,"orthographic":false}