{"cameraMode":{"drawMode":0,"name":"Shaded","section":"Shading Mode"},"sceneLighting":false,"audioPlay":false,"sceneViewState":{"showFog":true,"showMaterialUpdate":false,"showSkybox":true,"showFlares":true,"showImageEffects":true,"showParticleSystems":true},"in2DMode":false,"pivot":{"x":-1.087489128112793,"y":1.967416763305664,"z":-4.4798688888549809},"rotation":{"x":0.028952397406101228,"y":0.6758434772491455,"z":-0.026582537218928338,"w":0.735996425151825},"size":10.71557903289795,"orthographic":false}