{"cameraMode":{"drawMode":0,"name":"Shaded","section":"Shading Mode"},"sceneLighting":false,"audioPlay":false,"sceneViewState":{"showFog":true,"showMaterialUpdate":false,"showSkybox":true,"showFlares":true,"showImageEffects":true,"showParticleSystems":true},"in2DMode":false,"pivot":{"x":2.126953125,"y":0.4951171875,"z":3.60821533203125},"rotation":{"x":-0.11734381318092346,"y":0.6785044074058533,"z":-0.11110565066337586,"w":-0.7166016101837158},"size":7.474956035614014,"orthographic":true}