{"cameraMode":{"drawMode":0,"name":"Shaded","section":"Shading Mode"},"sceneLighting":true,"audioPlay":false,"sceneViewState":{"showFog":true,"showMaterialUpdate":false,"showSkybox":true,"showFlares":true,"showImageEffects":true,"showParticleSystems":true},"in2DMode":false,"pivot":{"x":-104.65486145019531,"y":69.919921875,"z":7632.35888671875},"rotation":{"x":-0.22570693492889405,"y":0.1705213189125061,"z":-0.04016399011015892,"w":-0.958314061164856},"size":921.4229125976563,"orthographic":false}