{"cameraMode":{"drawMode":0,"name":"Shaded","section":"Shading Mode"},"sceneLighting":true,"audioPlay":false,"sceneViewState":{"showFog":true,"showMaterialUpdate":false,"showSkybox":true,"showFlares":true,"showImageEffects":true,"showParticleSystems":true},"in2DMode":false,"pivot":{"x":369.34027099609377,"y":138.8025665283203,"z":-43.553436279296878},"rotation":{"x":-0.22570693492889405,"y":0.1705213189125061,"z":-0.04016399011015892,"w":-0.958314061164856},"size":315.4429016113281,"orthographic":false}