{"cameraMode":{"drawMode":0,"name":"Shaded","section":"Shading Mode"},"sceneLighting":false,"audioPlay":false,"sceneViewState":{"showFog":true,"showMaterialUpdate":false,"showSkybox":true,"showFlares":true,"showImageEffects":true,"showParticleSystems":true},"in2DMode":false,"pivot":{"x":-7.362000465393066,"y":3.7504830360412599,"z":4.650661945343018},"rotation":{"x":0.08412875235080719,"y":0.045141905546188357,"z":-0.003812359878793359,"w":0.9954245686531067},"size":11.701679229736329,"orthographic":false}