{"cameraMode":{"drawMode":0,"name":"Shaded","section":"Shading Mode"},"sceneLighting":false,"audioPlay":false,"sceneViewState":{"showFog":true,"showMaterialUpdate":false,"showSkybox":true,"showFlares":true,"showImageEffects":true,"showParticleSystems":true},"in2DMode":false,"pivot":{"x":-0.33368980884552,"y":-0.08608275651931763,"z":2.9734914302825929},"rotation":{"x":-0.1519393026828766,"y":0.4748351275920868,"z":-0.08361715823411942,"w":-0.862817645072937},"size":3.490650177001953,"orthographic":false}