{"cameraMode":{"drawMode":0,"name":"Shaded","section":"Shading Mode"},"sceneLighting":true,"audioPlay":false,"sceneViewState":{"showFog":true,"showMaterialUpdate":false,"showSkybox":true,"showFlares":true,"showImageEffects":true,"showParticleSystems":true},"in2DMode":false,"pivot":{"x":-308.4190368652344,"y":-544.2798461914063,"z":2000.48193359375},"rotation":{"x":-0.13903135061264039,"y":0.06738059222698212,"z":-0.009482388384640217,"w":-0.9879475235939026},"size":2274.5107421875,"orthographic":false}