{"cameraMode":{"drawMode":0,"name":"Shaded","section":"Shading Mode"},"sceneLighting":false,"audioPlay":false,"sceneViewState":{"showFog":true,"showMaterialUpdate":false,"showSkybox":true,"showFlares":true,"showImageEffects":true,"showParticleSystems":true},"in2DMode":false,"pivot":{"x":-1.493532657623291,"y":0.21048784255981446,"z":1.809403419494629},"rotation":{"x":-0.1755405217409134,"y":0.5462639927864075,"z":-0.11832348257303238,"w":-0.8104200959205627},"size":9.071934700012207,"orthographic":false}