{"cameraMode":{"drawMode":0,"name":"Shaded","section":"Shading Mode"},"sceneLighting":true,"audioPlay":false,"sceneViewState":{"showFog":true,"showMaterialUpdate":false,"showSkybox":true,"showFlares":true,"showImageEffects":true,"showParticleSystems":true},"in2DMode":false,"pivot":{"x":4.4481201171875,"y":1.505721092224121,"z":8.276973724365235},"rotation":{"x":-0.2121260017156601,"y":0.5250669121742249,"z":-0.1370452344417572,"w":-0.8127275109291077},"size":24.846620559692384,"orthographic":false}