{"cameraMode":{"drawMode":0,"name":"Shaded","section":"Shading Mode"},"sceneLighting":true,"audioPlay":false,"sceneViewState":{"showFog":true,"showMaterialUpdate":false,"showSkybox":true,"showFlares":true,"showImageEffects":true,"showParticleSystems":true},"in2DMode":false,"pivot":{"x":100.9002456665039,"y":0.3684866428375244,"z":-3.1431570053100588},"rotation":{"x":0.10060091316699982,"y":0.21376439929008485,"z":0.02213704213500023,"w":-0.9714393019676209},"size":14.377878189086914,"orthographic":false}