{"cameraMode":{"drawMode":0,"name":"Shaded","section":"Shading Mode"},"sceneLighting":true,"audioPlay":false,"sceneViewState":{"showFog":true,"showMaterialUpdate":false,"showSkybox":true,"showFlares":true,"showImageEffects":true,"showParticleSystems":true},"in2DMode":false,"pivot":{"x":-13.86849594116211,"y":41.21552658081055,"z":2182.75927734375},"rotation":{"x":-0.23752988874912263,"y":0.7022227048873901,"z":-0.2718089520931244,"w":-0.6136634349822998},"size":86.64920043945313,"orthographic":false}