{"cameraMode":{"drawMode":0,"name":"Shaded","section":"Shading Mode"},"sceneLighting":true,"audioPlay":false,"sceneViewState":{"showFog":true,"showMaterialUpdate":false,"showSkybox":true,"showFlares":true,"showImageEffects":true,"showParticleSystems":true},"in2DMode":false,"pivot":{"x":-9.936920166015625,"y":35.68157958984375,"z":-132.81509399414063},"rotation":{"x":-0.07387874275445938,"y":0.3278540372848511,"z":-0.025726597756147386,"w":-0.9414838552474976},"size":575.52197265625,"orthographic":false}