{"cameraMode":{"drawMode":0,"name":"Shaded","section":"Shading Mode"},"sceneLighting":false,"audioPlay":false,"sceneViewState":{"showFog":true,"showMaterialUpdate":false,"showSkybox":true,"showFlares":true,"showImageEffects":true,"showParticleSystems":true},"in2DMode":false,"pivot":{"x":2.656071662902832,"y":-1.1183490753173829,"z":0.8112125396728516},"rotation":{"x":-0.20797263085842133,"y":0.21426011621952058,"z":-0.046746376901865008,"w":-0.9532338380813599},"size":22.0,"orthographic":false}