{"cameraMode":{"drawMode":0,"name":"Shaded","section":"Shading Mode"},"sceneLighting":false,"audioPlay":false,"sceneViewState":{"showFog":true,"showMaterialUpdate":false,"showSkybox":true,"showFlares":true,"showImageEffects":true,"showParticleSystems":true},"in2DMode":false,"pivot":{"x":234.04486083984376,"y":135.78123474121095,"z":-45.46868896484375},"rotation":{"x":-0.07387874275445938,"y":0.3278540372848511,"z":-0.025726597756147386,"w":-0.9414838552474976},"size":941.5487670898438,"orthographic":false}