{"cameraMode":{"drawMode":0,"name":"Shaded","section":"Shading Mode"},"sceneLighting":false,"audioPlay":false,"sceneViewState":{"showFog":true,"showMaterialUpdate":false,"showSkybox":true,"showFlares":true,"showImageEffects":true,"showParticleSystems":true},"in2DMode":false,"pivot":{"x":0.0000019203930605726784,"y":0.0000311626135953702,"z":0.000004460067430045456},"rotation":{"x":0.040170200169086459,"y":-0.020384881645441057,"z":-0.0008220222662203014,"w":-0.9989846348762512},"size":0.00005715767838410102,"orthographic":false}