{"cameraMode":{"drawMode":0,"name":"Shaded","section":"Shading Mode"},"sceneLighting":false,"audioPlay":false,"sceneViewState":{"showFog":true,"showMaterialUpdate":false,"showSkybox":true,"showFlares":true,"showImageEffects":true,"showParticleSystems":true},"in2DMode":false,"pivot":{"x":0.35623782873153689,"y":3.874516487121582,"z":16.058990478515626},"rotation":{"x":0.005688748322427273,"y":-0.015901923179626466,"z":-0.00009279690857511014,"w":-0.9998574256896973},"size":11.677790641784668,"orthographic":false}