{"cameraMode":{"drawMode":0,"name":"Shaded","section":"Shading Mode"},"sceneLighting":true,"audioPlay":false,"sceneViewState":{"showFog":true,"showMaterialUpdate":false,"showSkybox":true,"showFlares":true,"showImageEffects":true,"showParticleSystems":true},"in2DMode":false,"pivot":{"x":7.795821189880371,"y":189.47100830078126,"z":10024.48046875},"rotation":{"x":-0.003026901977136731,"y":-0.9922825694084168,"z":0.12147317081689835,"w":-0.024707365781068803},"size":22.0,"orthographic":false}