{"cameraMode":{"drawMode":0,"name":"Shaded","section":"Shading Mode"},"sceneLighting":true,"audioPlay":false,"sceneViewState":{"showFog":true,"showMaterialUpdate":false,"showSkybox":true,"showFlares":true,"showImageEffects":true,"showParticleSystems":true},"in2DMode":false,"pivot":{"x":0.019999980926513673,"y":0.15655303001403809,"z":2.6350209712982179},"rotation":{"x":-0.07368040084838867,"y":0.040973685681819919,"z":-0.0030298016499727966,"w":-0.996435284614563},"size":7.452092170715332,"orthographic":false}