{"cameraMode":{"drawMode":0,"name":"Shaded","section":"Shading Mode"},"sceneLighting":true,"audioPlay":false,"sceneViewState":{"showFog":true,"showMaterialUpdate":false,"showSkybox":true,"showFlares":true,"showImageEffects":true,"showParticleSystems":true},"in2DMode":false,"pivot":{"x":2.803931713104248,"y":0.5655828714370728,"z":113.28578186035156},"rotation":{"x":-0.14857427775859834,"y":0.12336507439613342,"z":-0.018683921545743943,"w":-0.9809982776641846},"size":3.9091079235076906,"orthographic":false}