{"cameraMode":{"drawMode":0,"name":"Shaded","section":"Shading Mode"},"sceneLighting":false,"audioPlay":false,"sceneViewState":{"showFog":true,"showMaterialUpdate":false,"showSkybox":true,"showFlares":true,"showImageEffects":true,"showParticleSystems":true},"in2DMode":false,"pivot":{"x":-2.6855387687683107,"y":0.4460573196411133,"z":6.9095001220703129},"rotation":{"x":-0.054237112402915958,"y":0.04102494940161705,"z":-0.002229745965451002,"w":-0.9976824522018433},"size":6.1906514167785648,"orthographic":false}