{"cameraMode":{"drawMode":0,"name":"Shaded","section":"Shading Mode"},"sceneLighting":false,"audioPlay":false,"sceneViewState":{"showFog":true,"showMaterialUpdate":false,"showSkybox":true,"showFlares":true,"showImageEffects":true,"showParticleSystems":true},"in2DMode":false,"pivot":{"x":1.2337932586669922,"y":-1.9722986221313477,"z":3.9104163646698},"rotation":{"x":-0.2565293312072754,"y":0.22982048988342286,"z":-0.06293943524360657,"w":-0.9367038011550903},"size":9.319195747375489,"orthographic":false}