{"cameraMode":{"drawMode":0,"name":"Shaded","section":"Shading Mode"},"sceneLighting":false,"audioPlay":false,"sceneViewState":{"showFog":true,"showMaterialUpdate":false,"showSkybox":true,"showFlares":true,"showImageEffects":true,"showParticleSystems":true},"in2DMode":false,"pivot":{"x":-1.0721211433410645,"y":0.6360549926757813,"z":-1.1239256858825684},"rotation":{"x":0.289900541305542,"y":-0.44971248507499697,"z":0.1570611298084259,"w":0.8300893306732178},"size":8.060964584350586,"orthographic":false}