{"cameraMode":{"drawMode":0,"name":"Shaded","section":"Shading Mode"},"sceneLighting":false,"audioPlay":false,"sceneViewState":{"showFog":true,"showMaterialUpdate":false,"showSkybox":true,"showFlares":true,"showImageEffects":true,"showParticleSystems":true},"in2DMode":false,"pivot":{"x":0.0,"y":0.8890001773834229,"z":-1.1920928955078126e-7},"rotation":{"x":0.09136871993541718,"y":-0.6719938516616821,"z":0.0840962678194046,"w":0.7300711274147034},"size":6.613287448883057,"orthographic":false}