{"cameraMode":{"drawMode":0,"name":"Shaded","section":"Shading Mode"},"sceneLighting":false,"audioPlay":false,"sceneViewState":{"showFog":true,"showMaterialUpdate":false,"showSkybox":true,"showFlares":true,"showImageEffects":true,"showParticleSystems":true},"in2DMode":false,"pivot":{"x":1.256056308746338,"y":1.044668197631836,"z":1.062360167503357},"rotation":{"x":0.2847854495048523,"y":-0.29828330874443056,"z":0.09373997896909714,"w":0.9061661958694458},"size":3.613286018371582,"orthographic":false}