{"cameraMode":{"drawMode":0,"name":"Shaded","section":"Shading Mode"},"sceneLighting":false,"audioPlay":false,"sceneViewState":{"showFog":true,"showMaterialUpdate":false,"showSkybox":true,"showFlares":true,"showImageEffects":true,"showParticleSystems":true},"in2DMode":false,"pivot":{"x":96.02267456054688,"y":1.655530333518982,"z":-10.15999984741211},"rotation":{"x":0.20707324147224427,"y":-0.39317676424980166,"z":0.09135957062244415,"w":0.8911712169647217},"size":11.267208099365235,"orthographic":false}