{"cameraMode":{"drawMode":0,"name":"Shaded","section":"Shading Mode"},"sceneLighting":false,"audioPlay":false,"sceneViewState":{"showFog":true,"showMaterialUpdate":false,"showSkybox":true,"showFlares":true,"showImageEffects":true,"showParticleSystems":true},"in2DMode":false,"pivot":{"x":136.84686279296876,"y":0.21575689315795899,"z":-10.545881271362305},"rotation":{"x":-0.21177463233470918,"y":-0.30672457814216616,"z":0.07020054757595062,"w":-0.9252802729606628},"size":9.84133243560791,"orthographic":false}