{"cameraMode":{"drawMode":0,"name":"Shaded","section":"Shading Mode"},"sceneLighting":true,"audioPlay":false,"sceneViewState":{"showFog":true,"showMaterialUpdate":false,"showSkybox":true,"showFlares":true,"showImageEffects":true,"showParticleSystems":true},"in2DMode":false,"pivot":{"x":-2.066071033477783,"y":-0.37487053871154787,"z":3.026188850402832},"rotation":{"x":0.14629338681697846,"y":-0.2017640918493271,"z":0.030495712533593179,"w":0.9679667353630066},"size":10.738067626953125,"orthographic":false}