{"cameraMode":{"drawMode":0,"name":"Shaded","section":"Shading Mode"},"sceneLighting":false,"audioPlay":false,"sceneViewState":{"showFog":true,"showMaterialUpdate":false,"showSkybox":true,"showFlares":true,"showImageEffects":true,"showParticleSystems":true},"in2DMode":false,"pivot":{"x":-0.13488411903381349,"y":1.1516139507293702,"z":2.5565590858459474},"rotation":{"x":0.23488347232341767,"y":-0.3914397060871124,"z":0.10404399037361145,"w":0.8836173415184021},"size":9.60579776763916,"orthographic":false}