{"cameraMode":{"drawMode":0,"name":"Shaded","section":"Shading Mode"},"sceneLighting":true,"audioPlay":false,"sceneViewState":{"showFog":true,"showMaterialUpdate":false,"showSkybox":true,"showFlares":true,"showImageEffects":true,"showParticleSystems":true},"in2DMode":false,"pivot":{"x":0.5512232780456543,"y":4.063356399536133,"z":6.107082843780518},"rotation":{"x":0.17261506617069245,"y":-0.15882006287574769,"z":0.028205780312418939,"w":0.9716916680335999},"size":13.660408973693848,"orthographic":false}