{"cameraMode":{"drawMode":0,"name":"Shaded","section":"Shading Mode"},"sceneLighting":false,"audioPlay":false,"sceneViewState":{"showFog":true,"showMaterialUpdate":false,"showSkybox":true,"showFlares":true,"showImageEffects":true,"showParticleSystems":true},"in2DMode":false,"pivot":{"x":-0.49949657917022707,"y":0.23539221286773683,"z":4.203248977661133},"rotation":{"x":-0.4550861418247223,"y":-0.009877416305243969,"z":0.005049011670053005,"w":-0.8903783559799194},"size":3.0083611011505129,"orthographic":false}