{"cameraMode":{"drawMode":0,"name":"Shaded","section":"Shading Mode"},"sceneLighting":false,"audioPlay":false,"sceneViewState":{"showFog":true,"showMaterialUpdate":false,"showSkybox":true,"showFlares":true,"showImageEffects":true,"showParticleSystems":true},"in2DMode":false,"pivot":{"x":-0.671168327331543,"y":0.9855250716209412,"z":-1.1920928955078126e-7},"rotation":{"x":0.2688726484775543,"y":-0.4138592779636383,"z":0.12938594818115235,"w":0.8600507974624634},"size":5.975550174713135,"orthographic":false}