{"cameraMode":{"drawMode":0,"name":"Shaded","section":"Shading Mode"},"sceneLighting":true,"audioPlay":false,"sceneViewState":{"showFog":true,"showMaterialUpdate":false,"showSkybox":true,"showFlares":true,"showImageEffects":true,"showParticleSystems":true},"in2DMode":false,"pivot":{"x":224.60763549804688,"y":9.558609008789063,"z":-3.174999713897705},"rotation":{"x":0.23488347232341767,"y":-0.3914397060871124,"z":0.10404399037361145,"w":0.8836173415184021},"size":14.411187171936036,"orthographic":false}