{"cameraMode":{"drawMode":0,"name":"Shaded","section":"Shading Mode"},"sceneLighting":false,"audioPlay":false,"sceneViewState":{"showFog":true,"showMaterialUpdate":false,"showSkybox":true,"showFlares":true,"showImageEffects":true,"showParticleSystems":true},"in2DMode":false,"pivot":{"x":0.5347733497619629,"y":0.06150412559509277,"z":2.1160593032836916},"rotation":{"x":0.25958770513534548,"y":-0.09829466789960861,"z":0.02657291106879711,"w":0.9603365659713745},"size":6.431141376495361,"orthographic":false}