{"cameraMode":{"drawMode":0,"name":"Shaded","section":"Shading Mode"},"sceneLighting":true,"audioPlay":false,"sceneViewState":{"showFog":true,"showMaterialUpdate":false,"showSkybox":true,"showFlares":true,"showImageEffects":true,"showParticleSystems":true},"in2DMode":false,"pivot":{"x":1.3837871551513672,"y":-6.089352607727051,"z":-10.84742546081543},"rotation":{"x":0.17097236216068269,"y":0.6951019167900086,"z":-0.1758725643157959,"w":0.675774097442627},"size":31.110952377319337,"orthographic":false}