{"cameraMode":{"drawMode":0,"name":"Shaded","section":"Shading Mode"},"sceneLighting":false,"audioPlay":false,"sceneViewState":{"showFog":true,"showMaterialUpdate":false,"showSkybox":true,"showFlares":true,"showImageEffects":true,"showParticleSystems":true},"in2DMode":false,"pivot":{"x":0.019999980926513673,"y":0.15655303001403809,"z":2.6350209712982179},"rotation":{"x":-0.16839982569217683,"y":0.26603156328201296,"z":-0.04725875332951546,"w":-0.9479638338088989},"size":6.1906514167785648,"orthographic":false}