{"cameraMode":{"drawMode":0,"name":"Shaded","section":"Shading Mode"},"sceneLighting":true,"audioPlay":false,"sceneViewState":{"showFog":true,"showMaterialUpdate":false,"showSkybox":true,"showFlares":true,"showImageEffects":true,"showParticleSystems":true},"in2DMode":false,"pivot":{"x":-7.811947822570801,"y":10.822335243225098,"z":5.080591201782227},"rotation":{"x":-0.11381910741329193,"y":0.06462660431861878,"z":-0.007418130990117788,"w":-0.9913695454597473},"size":36.73420715332031,"orthographic":false}