{"cameraMode":{"drawMode":0,"name":"Shaded","section":"Shading Mode"},"sceneLighting":false,"audioPlay":false,"sceneViewState":{"showFog":true,"showMaterialUpdate":false,"showSkybox":true,"showFlares":true,"showImageEffects":true,"showParticleSystems":true},"in2DMode":false,"pivot":{"x":0.019999980926513673,"y":0.15655303001403809,"z":2.6350209712982179},"rotation":{"x":-0.1332627385854721,"y":0.04665912687778473,"z":-0.0062809414230287079,"w":-0.9899618625640869},"size":7.452092170715332,"orthographic":false}